{
  "startShoppingTitle": "Start Shopping",
  "lightNowAssistantTitle": "Light Now Assistant",
  "ordersTitle": "Your Orders",
  "offersAndCouponsTitle": "Offers and Coupons",
  "couponsTitle": "Coupons",
  "offersNearMeTitle": "Offers Near Me",
  "allPendingOrdersTitle": "All Pending Orders",
  "allCancelledOrdersTitle": "All Cancelled Orders",
  "allCompletedOrdersTitle": "All Completed Orders",
  "cancelledOrderTitle": "Cancelled Order",
  "completedOrderTitle": "Completed Order",
  "markReceivedTitle": "Mark as Received",
  "markReceivedLongPress": "Long Press to Mark Order {order_id} as Received",
  "markCancelledTitle": "Mark as Cancelled",
  "markCancelledLongPress": "Long Press to Cancel this Order {order_id}",
  "markReturnedTitle": "Mark as Returned",
  "markReturnedLongPress": "Long Press to Return this Order {order_id}",
  "pendingDeliveryTitle": "Pending Delivery",
  "productSearchTitle": "Product Search",
  "productFinalizeTitle": "Product Finalize",
  "imageSearchTitle": "Image Search",
  "profileTitle": "Your Profile",
  "checkoutTitle": "Checkout",
  "confirmOrder": "Confirm Order",
  "successfullyPlacedOrderTitle": "Successfully Placed Order",
  "placeYourOrderTitle": "Place your Order",
  "yourListTitle": "Voice Search List",
  "availabilityNearbyShopsTitle": "Availability",
  "itemAvailabilityList": "Voice Search Result",
  "availableItems": "Voice Search Available Items",
  "voiceSearchTitle": "Voice Search",
  "alterListTitle": "Voice Search Alter",
  "placeOrderTitle": "Place Your Order",
  "productListTitle": "Product List",
  "englishLabel": "English",
  "tamilLabel": "Tamil",
  "welcomeMessage": "You can now start shopping using on of the following options. They are as follows",
  "voiceSearchLabel": "Voice Search",
  "voiceSearchLongPress": "Long Press to Select Voice Search",
  "voiceSearchHint": "Shop Items and Search for Items based on Voice",
  "imageSearchLabel": "Image Search",
  "imageSearchLongPress": "Long Press to Select Image Search",
  "imageSearchHint": "Shop Items and Search for Items based on Grocery List Images",
  "productListSearchLabel": "Product List Search",
  "productListSearchLongPress": "Long Press to Select Product List Search",
  "productListSearchHint": "See your existing Item Lists and Search and Shop based on them",
  "profileLabel": "Profile",
  "profileLongPress": "Long Press to Select Profile",
  "profileHint": "View and Edit your Profile details to help your shop",
  "orderLabel": "Orders",
  "orderLongPress": "Long Press to Select Order",
  "orderHint": "View and Manage your Orders",
  "assistantLabel": "LightNow Assistant",
  "assistantLongPress": "Long Press to Select Assistant",
  "assistantHint": "Access the assistant of the application to aid with your shopping experience",
  "micMenuLabel": "Long Press to choose a menu option through voice",
  "micLabel": "Tap Button to Speak.",
  "chooseLanguageAudio":"Choose a Language to start shopping, Either English or Tamil.",
  "productNameLabel": "Name",
  "productNameText": "Type in Product Name",
  "productQuantityLabel": "Quantity",
  "productQuantityText": "Type in Product Quantity",
  "btnAlter": "Alter",
  "btnSave": "Save",
  "btnContinue": "Continue",
  "btnRead": "Read",
  "btnAlterLongPress": "Long Press to Alter the Created List.",
  "btnSaveLongPress": "Long Press to Save the Created List.",
  "btnContinueLongPress": "Long Press to Continue Searching using the Created List.",
  "btnReadLongPress": "Long Press to Read the Created List.",
  "noItemsLabel": "No Items",
  "voiceSearchTts": "Welcome to Voice Search. You can now start searching and adding items to your cart.",
  "successAddItem": "Successfully added {itemName} x {itemQty} added!",
  "failedAddItem": "Invalid Item Name or Quantity!",
  "btnAvailabilityLongPress":"Long Press to check order availability against nearest shops",
  "micMenuVoiceSearch": "Start talking to Select an Option",
  "voiceSearchPharmaTts":"You can see the Pharmaceutical Items and Prescription Items in your chosen set of Items to place an order.",
  "noPharmaText":"You have no Pharmaceutical Items",
  "noPrescText":"You have no Prescription Items",
  "pharmaPrescriptionText": "Prescription Needed Items",
  "pharmaItemsText": "Pharmaceutical Items",
  "pharmaProceedText": "You may not proceed with items that require prescriptions",
  "btnPlaceOrderLongPress": "Long Press to Continue to Place Order",
  "btnPlaceOrder": "Continue",
  "placeOrderTts": "You may place your Order now",
  "btnConfirmOrderLongPress": "Long Press to Confirm and Place Order",
  "btnConfirmOrder": "Confirm Order",
  "nameLabel": "Name",
  "quantityLabel": "Quantity",
  "priceLabel": "Price",
  "actionLabel": "Action",
  "currencyLabel": "Rs",
  "totalAmountLabel": "Total Amount",
  "orderConfirmTts": "You can confirm your order to proceed to the next step. The items in your order are as follows and the total amount is {total}",
  "addressLabel": "Address",
  "paymentMethodLabel": "Payment Method",
  "orderSuccessTts": "Successfully Placed your Order",
  "feedbackLabel": "Feedback",
  "saveFeedbackLabel": "Save Feedback",
  "btnMenu": "Menu",
  "btnMenuLongPress": "Click to Go Back to Main Menu",
  "feedbackLabelHint": "Type in your feedback regarding the order you placed and/or the shopping experience",
  "saveFeedbackLabelHint": "Confirm Feedback for the Order you placed.",
  "orderSuccessText": "Your order has been placed succesfully",
  "voiceAssistantTts": "Welcome to Voice Assistant. You can find coupons, find offers and view orders.",
  "voiceAssistantWelcomeText":"Welcome to LightNow Assistant",
  "voiceAssistantCoupons": "All Coupons",
  "voiceAssistantCouponsHint": "See all coupons",
  "voiceAssistantOffersNearMe": "Offers Near Me",
  "voiceAssistantOffersNearMeHint": "See offers that are available in shops near me",
  "voiceAssistantProfile": "My Profile",
  "voiceAssistantProfileHint": "View and Make Changes to my Profile",
  "voiceAssistantOrder": "Order Details",
  "voiceAssistantOrderHint": "View all your ongoing, completed and cancelled Orders",
  "allCouponsTts": "You can view all your Coupons",
  "allOffersTts": "You can view all Offers near you",
  "allOrdersTts": "Select one of the three types of Orders: Completed, Cancelled or Pending Orders",
  "myProfileTts": "You can edit your Profile",
  "editProfileLabel": "Edit Profile",
  "editProfileLabelHint": "You may change your profile values and edit them",
  "usernameText": "Your Username",
  "usernameTextHint": "Type Your Username",
  "emailText": "Your Email",
  "emailTextHint": "Type Your Email",
  "addressText": "Your Address",
  "addressTextHint": "Type Your Address",
  "phoneText": "Your Phone",
  "phoneTextHint": "Type Your Phone",
  "updateProfileButton": "Update Profile",
  "updateProfileButtonHint": "Long press to Update your Profile",
  "detailsCouponText": "Details of Coupon {coupon_code}",
  "couponValueLabel": "Coupon {coupon_code} of Value {coupon_value}",
  "couponValueLabelHint": "This is a Coupon with Code {coupon_code}",
  "couponApplyText": "Click to Apply Coupon",
  "offerLabel": "Details of Offer for Item {item_name}",
  "offerPriceLabel": "Original Price of {item_name} is Rs.{item_price}",
  "originalPriceLabel": "Offer Price of {item_name} is Rs.{item_offer_price}",
  "pendingOrdersLabel": "Pending Orders",
  "pendingOrdersHint": "View all your Pending Orders",
  "pendingOrdersLongPress": "Long Press to View all Pending Orders",
  "completedOrdersLabel": "Completed Orders",
  "completedOrdersHint": "View all your Completed Orders",
  "completedOrdersLongPress": "Long Press to View all Completed Orders",
  "cancelledOrdersLabel": "Cancelled Orders",
  "cancelledOrdersHint": "View all your Cancelled Orders",
  "cancelledOrdersLongPress": "Long Press to View all Cancelled Orders",
  "markOrderCancelledTts": "Mark the Order with Number {order_id} as Cancelled",
  "markOrderReturnedTts": "Mark the Order with Number {order_id} as Returned",
  "markorderReceivedTts": "Mark the Order with Number {order_id} as Received",
  "viewOrderText": "Viewing Order {order_id}",
  "cancelOrderTextHint": "You are Cancelling Order #{order_id} and the items that the order contains.",
  "cancelOrderText": "Cancel Order #{order_id}",
  "reviewOrderTextHint": "You are Reviewing Order #{order_id} and the items that the order contains.",
  "reviewOrderText": "Review Order #{order_id}",
  "returnOrderTextHint": "You are Returning Order #{order_id} and the items that the order contains.",
  "returnOrderText": "Return Order #{order_id}",
  "confirmLabel": "Confirm",
  "cancelLabel": "Cancel",
  "cancelButtonHint": "Go Back",
  "cancelHint": "Type in your reason for cancelling this Order #{order_id}",
  "confirmCancelHint": "Confirm Cancellation of Order #{order_id}",
  "reviewLabel": "Review",
  "reviewHint": "Type in your review regarding the product as you have received this Order #{order_id}",
  "confirmReviewHint": "Confirm Review of Order #{order_id}",
  "returnLabel": "Reason",
  "returnHint": "Type in your reason for returning this Order #{order_id}",
  "confirmReturnHint": "Confirm Return of Order #{order_id}",
  "loginLabel": "Login",
  "usernameLabel": "Username",
  "passwordLabel": "Password",
  "loginButton": "Login",
  "loginLongPress": "Long Press",
  "orderDetailInfo": "Order Number {order_id} from Shop {shop_name} for a Total of {currency}.{total} with {length} Items.",
  "permissionCamera": "Permission to use camera.",
  "permissionCameraMessage": "We need your permission to use your camera.",
  "permissionAudio": "Permission to use audio recording",
  "permissionAduioMessage": "We need your permission to use your audio",
  "saveChangesButton":"Save Changes",
  "saveChangesButtonHint": "Save the loaded list from Image",
  "takePictureButton": "Take Picture",
  "takePictureButtonHint": "Take a Picture of your Grocery List",
  "uploadPictureButton": "Upload Picture",
  "uploadPictureButtonHint": "Load a Picture of your Grocery List from your Gallery",
  "pendingOrdersListTts": "You are now looking at Pending Orders. Your Pending orders are as follows:",
  "completedOrdersListTts": "You are now looking at Completed Orders. Your Completed orders are as follows:",
  "cancelledOrdersListTts": "You are now looking at Cancelled Orders. Your Cancelled orders are as follows:",
  "orderDetailText": "Details of Order #{order_id}",
  "orderDetailHint": "Details of Order #{order_id} and the consisting items",
  "indvOrderLabel": "Order",
  "shopLabel": "Shop",
  "couponLabel": "Coupon",
  "shopDetailText": "Shop {shop_name}",
  "shopDetailHint": "This Order was placed from the Shop {shop_name}",
  "couponDetailText": "Coupon {coupon_code} with value {currency}.{coupon_value}",
  "couponDetailHint": "This Order was placed with Coupon {coupon_code} of Value {currency}.{coupon_value}",
  "orderItemDetailText": "{length} Items in Order",
  "orderItemDetailHint": "You have {length} items in your Order #{order_id} placed from the Shop {shop_name}",
  "orderStatusLabel": "Order Status",
  "itemPriceLabel": "Item Price",
  "itemPriceOfferLabel": "Item Price (Offer)",
  "menuSelectionTts": "Select Item from Menu",
  "startingRecordingTts": "Recording Audio has started",
  "stoppingRecordingTts": "Recording Audio has stopped",
  "readListTts": "{item_name} {item_qty}",
  "readListConfirmTts": "{item_name} {item_qty} {item_price}",
  "noSuggestions": "You have no Item Suggestions!",
  "availableItemsLabel": "Available Items",
  "noAvailableItemsLabel": "No Available Items Found",
  "unavailableItemsLabel": "Unavailable Items",
  "noUnavailableItemsLabel": "No Unavailable Items Found",
  "similarItemsLabel": "Similar Items",
  "noSimilarItemsLabel": "No Similar Items Found",
  "cashOnDeliveryLabel": "Cash On Delivery",
  "successReceived": "Successfully Marked Order as Received",
  "successCancelled": "Successfully Cancelled Order",
  "successReturned": "Successfully Returned Order"
}