{
  "startShoppingTitle": "ஷாப்பிங் தொடங்கவும்",
  "lightNowAssistantTitle": "LightNow உதவியாளர்",
  "ordersTitle": "உங்கள் உத்தரவுகள்",
  "offersAndCouponsTitle": "சலுகைகள் மற்றும் கூப்பன்கள்",
  "couponsTitle": "கூப்பன்கள்",
  "offersNearMeTitle": "எனக்கு அருகில் சலுகைகள்",
  "allPendingOrdersTitle": "நிலுவையில் உள்ள அனைத்து ஆர்டர்களும்",
  "allCancelledOrdersTitle": "அனைத்து ரத்து செய்யப்பட்ட ஆர்டர்கள்",
  "allCompletedOrdersTitle": "அனைத்து முடிக்கப்பட்ட ஆர்டர்கள்",
  "cancelledOrderTitle": "ரத்து செய்யப்பட்ட ஆர்டர்கள்",
  "completedOrderTitle": "முடிக்கப்பட்ட ஆர்டர்கள்",
  "markReceivedTitle": "பெற்றதாகக் குறிக்கவும்",
  "markCancelledTitle": "ரத்து செய்யப்பட்டதாகக் குறிக்கவும்",
  "markReturnedTitle": "திரும்பியதாகக் குறிக்கவும்",
  "pendingDeliveryTitle": "டெலிவரி நிலுவையில் உள்ளது",
  "productSearchTitle": "தயாரிப்பு தேடல்",
  "productFinalizeTitle": "தயாரிப்பு இறுதி",
  "imageSearchTitle": "படத் தேடல்",
  "profileTitle": "உங்கள் சுயவிவரம்",
  "checkoutTitle": "சரிபார்",
  "confirmOrder": "ஆர்டரை உறுதிப்படுத்தவும்",
  "successfullyPlacedOrderTitle": "வெற்றிகரமாக ஆர்டர் செய்யப்பட்டது",
  "placeYourOrderTitle": "உங்கள் ஆர்டரை வைக்கவும்",
  "yourListTitle": "குரல் தேடல் பட்டியல்",
  "availabilityNearbyShopsTitle": "கிடைக்கும் தன்மை",
  "itemAvailabilityList": "குரல் தேடல் முடிவு",
  "availableItems": "குரல் தேடல் கிடைக்கும் பொருட்கள்",
  "voiceSearchTitle": "குரல் தேடல்",
  "alterListTitle": "குரல் தேடல் மாற்றம்",
  "placeOrderTitle": "உங்கள் ஆர்டரை வைக்கவும்",
  "productListTitle": "தயாரிப்பு பட்டியல்",
  "englishLabel": "ஆங்கிலம்",
  "tamilLabel": "தமிழ்",
  "welcomeMessage": "பின்வரும் விருப்பங்களைப் பயன்படுத்தி நீங்கள் இப்போது ஷாப்பிங் தொடங்கலாம். அவை பின்வருமாறு",
  "voiceSearchLabel": "குரல் தேடல்",
  "voiceSearchLongPress": "குரல் தேடலைத் தேர்ந்தெடுக்க நீண்ட நேரம் அழுத்தவும்",
  "voiceSearchHint": "ஷாப்பிங் பொருட்கள் மற்றும் குரலின் அடிப்படையில் பொருட்களைத் தேடுங்கள்",
  "imageSearchLabel": "படத் தேடல்",
  "imageSearchLongPress": "படத் தேடலைத் தேர்ந்தெடுக்க நீண்ட நேரம் அழுத்தவும்",
  "imageSearchHint": "மளிகை பட்டியல் படங்களின் அடிப்படையில் பொருட்களை வாங்கவும் மற்றும் பொருட்களை தேடவும்",
  "productListSearchLabel": "தயாரிப்பு பட்டியல் தேடல்",
  "productListSearchLongPress": "தயாரிப்பு பட்டியல் தேடலைத் தேர்ந்தெடுக்க நீண்ட நேரம் அழுத்தவும்",
  "productListSearchHint": "உங்கள் தற்போதைய உருப்படி பட்டியல்களைப் பார்க்கவும் மற்றும் அவற்றின் அடிப்படையில் தேடல் மற்றும் கடை",
  "profileLabel": "சுயவிவரம்",
  "profileLongPress": "சுயவிவரத்தைத் தேர்ந்தெடுக்க நீண்ட நேரம் அழுத்தவும்",
  "profileHint": "உங்கள் கடைக்கு உதவ உங்கள் சுயவிவர விவரங்களைப் பார்த்து திருத்தவும்",
  "orderLabel": "உத்தரவுகள்",
  "orderLongPress": "வரிசையைத் தேர்ந்தெடுக்க நீண்ட நேரம் அழுத்தவும்",
  "orderHint": "உங்கள் ஆர்டர்களைக் கண்டு நிர்வகிக்கவும்",
  "assistantLabel": "லைட் நவ் உதவியாளர்",
  "assistantLongPress": "உதவியாளரைத் தேர்ந்தெடுக்க நீண்ட நேரம் அழுத்தவும்",
  "assistantHint": "உங்கள் ஷாப்பிங் அனுபவத்திற்கு உதவ விண்ணப்பத்தின் உதவியாளரை அணுகவும்",
  "micMenuLabel": "குரல் மூலம் மெனு விருப்பத்தைத் தேர்ந்தெடுக்க நீண்ட நேரம் அழுத்தவும்.",
  "micLabel": "பேச பட்டனைத் தட்டவும்",
  "chooseLanguageAudio": "ஷாப்பிங் தொடங்க ஒரு மொழியை தேர்வு செய்யவும், ஆங்கிலம் அல்லது தமிழ்.",
  "productNameLabel": "பெயர்",
  "productNameText": "தயாரிப்பு பெயரை உள்ளிடவும்",
  "productQuantityLabel": "அளவு",
  "productQuantityText": "தயாரிப்பு அளவு உள்ளிடவும்",
  "btnAlter": "மாற்றம்",
  "btnContinue": "தொடரவும்",
  "btnRead": "படி",
  "btnAlterLongPress": "பிற்கால பயன்பாட்டிற்காக உருவாக்கப்பட்ட பட்டியலைச் சேமிக்க நீண்ட நேரம் அழுத்தவும்.",
  "btnContinueLongPress": "உருவாக்கிய பட்டியலைப் பயன்படுத்தி தேடலைத் தொடர நீண்ட நேரம் அழுத்தவும்.",
  "btnReadLongPress": "உருவாக்கிய பட்டியலைப் படிக்க நீண்ட நேரம் அழுத்தவும்.",
  "noItemsLabel": "வெற்று பொருட்கள்.",
  "voiceSearchTts": "குரல் தேடலுக்கு வரவேற்கிறோம். நீங்கள் இப்போது உங்கள் வண்டியில் பொருட்களை தேடவும் சேர்க்கவும் தொடங்கலாம்.",
  "successAddItem": "Successfully added {itemName} x {itemQty} added!",
  "failedAddItem": ""
}